Timestamp,06.005.BLK01.PAD04.INV01 - INV01 - Inverter04.AC_POWER (kW)
08/31/2018 00:00:00,
08/31/2018 00:05:00,
08/31/2018 00:10:00,
08/31/2018 00:15:00,
08/31/2018 00:20:00,
08/31/2018 00:25:00,
08/31/2018 00:30:00,
08/31/2018 00:35:00,
08/31/2018 00:40:00,
08/31/2018 00:45:00,
08/31/2018 00:50:00,
08/31/2018 00:55:00,
08/31/2018 01:00:00,
08/31/2018 01:05:00,
08/31/2018 01:10:00,
08/31/2018 01:15:00,
08/31/2018 01:20:00,
08/31/2018 01:25:00,
08/31/2018 01:30:00,
08/31/2018 01:35:00,
08/31/2018 01:40:00,
08/31/2018 01:45:00,
08/31/2018 01:50:00,
08/31/2018 01:55:00,
08/31/2018 02:00:00,
08/31/2018 02:05:00,
08/31/2018 02:10:00,
08/31/2018 02:15:00,
08/31/2018 02:20:00,
08/31/2018 02:25:00,
08/31/2018 02:30:00,
08/31/2018 02:35:00,
08/31/2018 02:40:00,
08/31/2018 02:45:00,
08/31/2018 02:50:00,
08/31/2018 02:55:00,
08/31/2018 03:00:00,
08/31/2018 03:05:00,
08/31/2018 03:10:00,
08/31/2018 03:15:00,
08/31/2018 03:20:00,
08/31/2018 03:25:00,
08/31/2018 03:30:00,
08/31/2018 03:35:00,
08/31/2018 03:40:00,
08/31/2018 03:45:00,
08/31/2018 03:50:00,
08/31/2018 03:55:00,
08/31/2018 04:00:00,
08/31/2018 04:05:00,
08/31/2018 04:10:00,0
08/31/2018 04:15:00,
08/31/2018 04:20:00,
08/31/2018 04:25:00,
08/31/2018 04:30:00,
08/31/2018 04:35:00,
08/31/2018 04:40:00,
08/31/2018 04:45:00,
08/31/2018 04:50:00,
08/31/2018 04:55:00,
08/31/2018 05:00:00,
08/31/2018 05:05:00,
08/31/2018 05:10:00,
08/31/2018 05:15:00,
08/31/2018 05:20:00,
08/31/2018 05:25:00,
08/31/2018 05:30:00,
08/31/2018 05:35:00,
08/31/2018 05:40:00,
08/31/2018 05:45:00,
08/31/2018 05:50:00,
08/31/2018 05:55:00,
08/31/2018 06:00:00,
08/31/2018 06:05:00,
08/31/2018 06:10:00,
08/31/2018 06:15:00,
08/31/2018 06:20:00,
08/31/2018 06:25:00,
08/31/2018 06:30:00,
08/31/2018 06:35:00,
08/31/2018 06:40:00,
08/31/2018 06:45:00,
08/31/2018 06:50:00,
08/31/2018 06:55:00,
08/31/2018 07:00:00,
08/31/2018 07:05:00,
08/31/2018 07:10:00,
08/31/2018 07:15:00,
08/31/2018 07:20:00,
08/31/2018 07:25:00,
08/31/2018 07:30:00,
08/31/2018 07:35:00,
08/31/2018 07:40:00,
08/31/2018 07:45:00,9.108711163
08/31/2018 07:50:00,47.01115313
08/31/2018 07:55:00,61.54781676
08/31/2018 08:00:00,73.9621467
08/31/2018 08:05:00,83.90001572
08/31/2018 08:10:00,91.37019324
08/31/2018 08:15:00,100.6661323
08/31/2018 08:20:00,110.9981284
08/31/2018 08:25:00,120.6405283
08/31/2018 08:30:00,128.2385157
08/31/2018 08:35:00,135.0820965
08/31/2018 08:40:00,141.2401167
08/31/2018 08:45:00,149.7995933
08/31/2018 08:50:00,227.0607074
08/31/2018 08:55:00,1032.9832
08/31/2018 09:00:00,1781.017478
08/31/2018 09:05:00,1853.707669
08/31/2018 09:10:00,1892.571967
08/31/2018 09:15:00,1920.618063
08/31/2018 09:20:00,1947.471878
08/31/2018 09:25:00,1968.886951
08/31/2018 09:30:00,1986.067287
08/31/2018 09:35:00,1997.356133
08/31/2018 09:40:00,1997.669927
08/31/2018 09:45:00,1996.381871
08/31/2018 09:50:00,1997.183935
08/31/2018 09:55:00,1997.00187
08/31/2018 10:00:00,1996.357943
08/31/2018 10:05:00,1994.704381
08/31/2018 10:10:00,1997.372278
08/31/2018 10:15:00,1995.101759
08/31/2018 10:20:00,1996.521458
08/31/2018 10:25:00,1996.86834
08/31/2018 10:30:00,1993.404715
08/31/2018 10:35:00,1996.664138
08/31/2018 10:40:00,1996.408074
08/31/2018 10:45:00,1997.012532
08/31/2018 10:50:00,1996.450793
08/31/2018 10:55:00,1994.584133
08/31/2018 11:00:00,1996.589899
08/31/2018 11:05:00,1994.225939
08/31/2018 11:10:00,1995.794125
08/31/2018 11:15:00,1996.800063
08/31/2018 11:20:00,1996.666153
08/31/2018 11:25:00,1995.835941
08/31/2018 11:30:00,1994.69804
08/31/2018 11:35:00,1996.867901
08/31/2018 11:40:00,1990.458889
08/31/2018 11:45:00,1993.875327
08/31/2018 11:50:00,1996.879862
08/31/2018 11:55:00,1997.486029
08/31/2018 12:00:00,1997.240415
08/31/2018 12:05:00,1996.389649
08/31/2018 12:10:00,1995.408073
08/31/2018 12:15:00,1995.928118
08/31/2018 12:20:00,1996.301856
08/31/2018 12:25:00,1996.969974
08/31/2018 12:30:00,1995.743984
08/31/2018 12:35:00,1995.411777
08/31/2018 12:40:00,1994.740004
08/31/2018 12:45:00,1994.172645
08/31/2018 12:50:00,1987.494229
08/31/2018 12:55:00,1986.954038
08/31/2018 13:00:00,1991.565689
08/31/2018 13:05:00,1987.654053
08/31/2018 13:10:00,1983.034566
08/31/2018 13:15:00,1986.056304
08/31/2018 13:20:00,1986.467857
08/31/2018 13:25:00,1990.378618
08/31/2018 13:30:00,1996.753605
08/31/2018 13:35:00,1997.033582
08/31/2018 13:40:00,1995.551863
08/31/2018 13:45:00,1997.148152
08/31/2018 13:50:00,1990.136058
08/31/2018 13:55:00,1994.331867
08/31/2018 14:00:00,1997.308026
08/31/2018 14:05:00,1987.414354
08/31/2018 14:10:00,1996.012912
08/31/2018 14:15:00,1996.805769
08/31/2018 14:20:00,1995.783073
08/31/2018 14:25:00,1987.122207
08/31/2018 14:30:00,1996.793787
08/31/2018 14:35:00,1996.833881
08/31/2018 14:40:00,1997.188506
08/31/2018 14:45:00,1997.477585
08/31/2018 14:50:00,1995.685821
08/31/2018 14:55:00,1997.09387
08/31/2018 15:00:00,1996.478621
08/31/2018 15:05:00,1996.83813
08/31/2018 15:10:00,1996.446019
08/31/2018 15:15:00,1996.415373
08/31/2018 15:20:00,1997.614604
08/31/2018 15:25:00,1996.055347
08/31/2018 15:30:00,1997.629905
08/31/2018 15:35:00,1997.331963
08/31/2018 15:40:00,1995.166082
08/31/2018 15:45:00,1996.904321
08/31/2018 15:50:00,1996.895565
08/31/2018 15:55:00,1994.572121
08/31/2018 16:00:00,1965.832012
08/31/2018 16:05:00,1426.522885
08/31/2018 16:10:00,1932.27782
08/31/2018 16:15:00,1993.128387
08/31/2018 16:20:00,1996.867982
08/31/2018 16:25:00,1993.271461
08/31/2018 16:30:00,1993.611765
08/31/2018 16:35:00,1952.547707
08/31/2018 16:40:00,1996.966017
08/31/2018 16:45:00,1995.46557
08/31/2018 16:50:00,1997.301836
08/31/2018 16:55:00,1995.898012
08/31/2018 17:00:00,1996.085263
08/31/2018 17:05:00,1995.488428
08/31/2018 17:10:00,1470.301367
08/31/2018 17:15:00,1467.351087
08/31/2018 17:20:00,1996.897868
08/31/2018 17:25:00,1997.570117
08/31/2018 17:30:00,1997.40003
08/31/2018 17:35:00,1996.071669
08/31/2018 17:40:00,1997.199931
08/31/2018 17:45:00,1985.597355
08/31/2018 17:50:00,1980.17206
08/31/2018 17:55:00,1955.055087
08/31/2018 18:00:00,1933.472204
08/31/2018 18:05:00,1922.477584
08/31/2018 18:10:00,1899.410842
08/31/2018 18:15:00,1856.636921
08/31/2018 18:20:00,1852.334201
08/31/2018 18:25:00,1831.246807
08/31/2018 18:30:00,1781.279267
08/31/2018 18:35:00,1688.30029
08/31/2018 18:40:00,1585.350173
08/31/2018 18:45:00,1483.536684
08/31/2018 18:50:00,1373.743575
08/31/2018 18:55:00,1271.028754
08/31/2018 19:00:00,1161.749764
08/31/2018 19:05:00,1064.028573
08/31/2018 19:10:00,951.4579164
08/31/2018 19:15:00,834.4280592
08/31/2018 19:20:00,709.7057421
08/31/2018 19:25:00,593.3285308
08/31/2018 19:30:00,479.825255
08/31/2018 19:35:00,309.7885276
08/31/2018 19:40:00,117.2410431
08/31/2018 19:45:00,80.29347401
08/31/2018 19:50:00,36.34829666
08/31/2018 19:55:00,30.33972808
08/31/2018 20:00:00,26.47766847
08/31/2018 20:05:00,21.92160572
08/31/2018 20:10:00,10.06114108
08/31/2018 20:15:00,
08/31/2018 20:20:00,
08/31/2018 20:25:00,
08/31/2018 20:30:00,
08/31/2018 20:35:00,
08/31/2018 20:40:00,
08/31/2018 20:45:00,
08/31/2018 20:50:00,
08/31/2018 20:55:00,
08/31/2018 21:00:00,
08/31/2018 21:05:00,
08/31/2018 21:10:00,
08/31/2018 21:15:00,
08/31/2018 21:20:00,
08/31/2018 21:25:00,
08/31/2018 21:30:00,
08/31/2018 21:35:00,
08/31/2018 21:40:00,
08/31/2018 21:45:00,
08/31/2018 21:50:00,
08/31/2018 21:55:00,
08/31/2018 22:00:00,
08/31/2018 22:05:00,
08/31/2018 22:10:00,
08/31/2018 22:15:00,
08/31/2018 22:20:00,
08/31/2018 22:25:00,
08/31/2018 22:30:00,
08/31/2018 22:35:00,
08/31/2018 22:40:00,
08/31/2018 22:45:00,
08/31/2018 22:50:00,
08/31/2018 22:55:00,
08/31/2018 23:00:00,
08/31/2018 23:05:00,
08/31/2018 23:10:00,
08/31/2018 23:15:00,
08/31/2018 23:20:00,
08/31/2018 23:25:00,
08/31/2018 23:30:00,
08/31/2018 23:35:00,
08/31/2018 23:40:00,
08/31/2018 23:45:00,
08/31/2018 23:50:00,
08/31/2018 23:55:00,
09/01/2018 00:00:00,
09/01/2018 00:05:00,
09/01/2018 00:10:00,
09/01/2018 00:15:00,
09/01/2018 00:20:00,
09/01/2018 00:25:00,
09/01/2018 00:30:00,
09/01/2018 00:35:00,
09/01/2018 00:40:00,
09/01/2018 00:45:00,
09/01/2018 00:50:00,
09/01/2018 00:55:00,
09/01/2018 01:00:00,
09/01/2018 01:05:00,
09/01/2018 01:10:00,
09/01/2018 01:15:00,
09/01/2018 01:20:00,
09/01/2018 01:25:00,
09/01/2018 01:30:00,
09/01/2018 01:35:00,
09/01/2018 01:40:00,
09/01/2018 01:45:00,
09/01/2018 01:50:00,
09/01/2018 01:55:00,
09/01/2018 02:00:00,
09/01/2018 02:05:00,
09/01/2018 02:10:00,
09/01/2018 02:15:00,
09/01/2018 02:20:00,
09/01/2018 02:25:00,
09/01/2018 02:30:00,
09/01/2018 02:35:00,
09/01/2018 02:40:00,
09/01/2018 02:45:00,
09/01/2018 02:50:00,
09/01/2018 02:55:00,
09/01/2018 03:00:00,
09/01/2018 03:05:00,
09/01/2018 03:10:00,
09/01/2018 03:15:00,
09/01/2018 03:20:00,
09/01/2018 03:25:00,
09/01/2018 03:30:00,
09/01/2018 03:35:00,
09/01/2018 03:40:00,
09/01/2018 03:45:00,
09/01/2018 03:50:00,
09/01/2018 03:55:00,
09/01/2018 04:00:00,
09/01/2018 04:05:00,0
09/01/2018 04:10:00,
09/01/2018 04:15:00,
09/01/2018 04:20:00,
09/01/2018 04:25:00,
09/01/2018 04:30:00,
09/01/2018 04:35:00,
09/01/2018 04:40:00,
09/01/2018 04:45:00,
09/01/2018 04:50:00,
09/01/2018 04:55:00,
09/01/2018 05:00:00,
09/01/2018 05:05:00,
09/01/2018 05:10:00,
09/01/2018 05:15:00,
09/01/2018 05:20:00,
09/01/2018 05:25:00,
09/01/2018 05:30:00,
09/01/2018 05:35:00,
09/01/2018 05:40:00,
09/01/2018 05:45:00,
09/01/2018 05:50:00,
09/01/2018 05:55:00,
09/01/2018 06:00:00,
09/01/2018 06:05:00,
09/01/2018 06:10:00,
09/01/2018 06:15:00,
09/01/2018 06:20:00,
09/01/2018 06:25:00,
09/01/2018 06:30:00,
09/01/2018 06:35:00,
09/01/2018 06:40:00,
09/01/2018 06:45:00,
09/01/2018 06:50:00,
09/01/2018 06:55:00,
09/01/2018 07:00:00,
09/01/2018 07:05:00,
09/01/2018 07:10:00,
09/01/2018 07:15:00,
09/01/2018 07:20:00,
09/01/2018 07:25:00,
09/01/2018 07:30:00,
09/01/2018 07:35:00,
09/01/2018 07:40:00,
09/01/2018 07:45:00,1.345904308
09/01/2018 07:50:00,45.3766182
09/01/2018 07:55:00,54.33172556
09/01/2018 08:00:00,70.13187569
09/01/2018 08:05:00,81.16560603
09/01/2018 08:10:00,89.03966812
09/01/2018 08:15:00,97.53094598
09/01/2018 08:20:00,108.9671117
09/01/2018 08:25:00,119.2308497
09/01/2018 08:30:00,128.0078574
09/01/2018 08:35:00,135.4439974
09/01/2018 08:40:00,141.0501391
09/01/2018 08:45:00,148.2624137
09/01/2018 08:50:00,200.4434485
09/01/2018 08:55:00,991.5460976
09/01/2018 09:00:00,1720.207491
09/01/2018 09:05:00,1860.167221
09/01/2018 09:10:00,1895.333789
09/01/2018 09:15:00,1918.913593
09/01/2018 09:20:00,1940.006518
09/01/2018 09:25:00,1956.163112
09/01/2018 09:30:00,1973.575119
09/01/2018 09:35:00,1993.66669
09/01/2018 09:40:00,1996.638236
09/01/2018 09:45:00,1996.3658
09/01/2018 09:50:00,1995.253327
09/01/2018 09:55:00,1996.14194
09/01/2018 10:00:00,1996.467967
09/01/2018 10:05:00,1996.499955
09/01/2018 10:10:00,1994.983465
09/01/2018 10:15:00,1994.880348
09/01/2018 10:20:00,1994.537714
09/01/2018 10:25:00,1995.594993
09/01/2018 10:30:00,1997.789979
09/01/2018 10:35:00,1991.984369
09/01/2018 10:40:00,1995.734417
09/01/2018 10:45:00,1995.215138
09/01/2018 10:50:00,1995.472241
09/01/2018 10:55:00,1997.735964
09/01/2018 11:00:00,1995.469896
09/01/2018 11:05:00,1995.958741
09/01/2018 11:10:00,1996.263753
09/01/2018 11:15:00,1997.805776
09/01/2018 11:20:00,1995.817545
09/01/2018 11:25:00,1997.228231
09/01/2018 11:30:00,1995.273816
09/01/2018 11:35:00,1995.93336
09/01/2018 11:40:00,1994.342583
09/01/2018 11:45:00,1995.606407
09/01/2018 11:50:00,1996.231963
09/01/2018 11:55:00,1996.846169
09/01/2018 12:00:00,1989.590019
09/01/2018 12:05:00,1996.895932
09/01/2018 12:10:00,1997.669955
09/01/2018 12:15:00,1996.149754
09/01/2018 12:20:00,1996.817616
09/01/2018 12:25:00,1996.926544
09/01/2018 12:30:00,1996.920629
09/01/2018 12:35:00,1996.489606
09/01/2018 12:40:00,1997.458191
09/01/2018 12:45:00,1993.597892
09/01/2018 12:50:00,1997.13603
09/01/2018 12:55:00,1989.057938
09/01/2018 13:00:00,1992.146232
09/01/2018 13:05:00,1990.288523
09/01/2018 13:10:00,1987.846423
09/01/2018 13:15:00,1988.549285
09/01/2018 13:20:00,1996.82178
09/01/2018 13:25:00,1998.053799
09/01/2018 13:30:00,1995.836112
09/01/2018 13:35:00,1996.229584
09/01/2018 13:40:00,1998.136313
09/01/2018 13:45:00,1996.665697
09/01/2018 13:50:00,1997.142915
09/01/2018 13:55:00,1997.06175
09/01/2018 14:00:00,1995.925323
09/01/2018 14:05:00,1996.934047
09/01/2018 14:10:00,1997.901887
09/01/2018 14:15:00,1995.737891
09/01/2018 14:20:00,1870.139
09/01/2018 14:25:00,1898.31949
09/01/2018 14:30:00,1087.367214
09/01/2018 14:35:00,1997.96798
09/01/2018 14:40:00,1997.030624
09/01/2018 14:45:00,1927.134966
09/01/2018 14:50:00,1305.410282
09/01/2018 14:55:00,1997.49798
09/01/2018 15:00:00,1990.930055
09/01/2018 15:05:00,1997.842283
09/01/2018 15:10:00,1781.026131
09/01/2018 15:15:00,1298.841386
09/01/2018 15:20:00,1870.033653
09/01/2018 15:25:00,1996.580783
09/01/2018 15:30:00,1996.715088
09/01/2018 15:35:00,1016.448203
09/01/2018 15:40:00,1875.162302
09/01/2018 15:45:00,1857.660941
09/01/2018 15:50:00,1702.482368
09/01/2018 15:55:00,1564.862746
09/01/2018 16:00:00,1998.331949
09/01/2018 16:05:00,1941.797691
09/01/2018 16:10:00,590.0982428
09/01/2018 16:15:00,533.995462
09/01/2018 16:20:00,1197.892014
09/01/2018 16:25:00,1786.834704
09/01/2018 16:30:00,1982.512402
09/01/2018 16:35:00,1941.535444
09/01/2018 16:40:00,1449.369128
09/01/2018 16:45:00,1491.067473
09/01/2018 16:50:00,1890.211678
09/01/2018 16:55:00,1958.960831
09/01/2018 17:00:00,1793.827432
09/01/2018 17:05:00,1515.945487
09/01/2018 17:10:00,746.6711244
09/01/2018 17:15:00,455.9130809
09/01/2018 17:20:00,402.199866
09/01/2018 17:25:00,385.5499657
09/01/2018 17:30:00,381.7096216
09/01/2018 17:35:00,354.493248
09/01/2018 17:40:00,319.4475704
09/01/2018 17:45:00,306.6274379
09/01/2018 17:50:00,291.2861434
09/01/2018 17:55:00,265.8350139
09/01/2018 18:00:00,250.4245585
09/01/2018 18:05:00,233.9209532
09/01/2018 18:10:00,218.3549978
09/01/2018 18:15:00,204.8673013
09/01/2018 18:20:00,195.0612441
09/01/2018 18:25:00,191.9221257
09/01/2018 18:30:00,200.4344789
09/01/2018 18:35:00,204.5039834
09/01/2018 18:40:00,198.3357581
09/01/2018 18:45:00,185.7484371
09/01/2018 18:50:00,172.3703372
09/01/2018 18:55:00,161.0790805
09/01/2018 19:00:00,144.887182
09/01/2018 19:05:00,135.2485783
09/01/2018 19:10:00,134.8936136
09/01/2018 19:15:00,132.9207301
09/01/2018 19:20:00,123.1096009
09/01/2018 19:25:00,107.5948547
09/01/2018 19:30:00,92.81217031
09/01/2018 19:35:00,82.19998175
09/01/2018 19:40:00,73.1318142
09/01/2018 19:45:00,62.5373309
09/01/2018 19:50:00,48.72277422
09/01/2018 19:55:00,33.93342274
09/01/2018 20:00:00,24.4635779
09/01/2018 20:05:00,17.22189502
09/01/2018 20:10:00,0.979907074
09/01/2018 20:15:00,
09/01/2018 20:20:00,
09/01/2018 20:25:00,
09/01/2018 20:30:00,
09/01/2018 20:35:00,
09/01/2018 20:40:00,
09/01/2018 20:45:00,
09/01/2018 20:50:00,
09/01/2018 20:55:00,
09/01/2018 21:00:00,
09/01/2018 21:05:00,
09/01/2018 21:10:00,
09/01/2018 21:15:00,
09/01/2018 21:20:00,
09/01/2018 21:25:00,
09/01/2018 21:30:00,
09/01/2018 21:35:00,
09/01/2018 21:40:00,
09/01/2018 21:45:00,
09/01/2018 21:50:00,
09/01/2018 21:55:00,
09/01/2018 22:00:00,
09/01/2018 22:05:00,
09/01/2018 22:10:00,
09/01/2018 22:15:00,
09/01/2018 22:20:00,
09/01/2018 22:25:00,
09/01/2018 22:30:00,
09/01/2018 22:35:00,
09/01/2018 22:40:00,
09/01/2018 22:45:00,
09/01/2018 22:50:00,
09/01/2018 22:55:00,
09/01/2018 23:00:00,
09/01/2018 23:05:00,
09/01/2018 23:10:00,
09/01/2018 23:15:00,
09/01/2018 23:20:00,
09/01/2018 23:25:00,
09/01/2018 23:30:00,
09/01/2018 23:35:00,
09/01/2018 23:40:00,
09/01/2018 23:45:00,
09/01/2018 23:50:00,
09/01/2018 23:55:00,
09/02/2018 00:00:00,
09/02/2018 00:05:00,
09/02/2018 00:10:00,
09/02/2018 00:15:00,
09/02/2018 00:20:00,
09/02/2018 00:25:00,
09/02/2018 00:30:00,
09/02/2018 00:35:00,
09/02/2018 00:40:00,
09/02/2018 00:45:00,
09/02/2018 00:50:00,
09/02/2018 00:55:00,
09/02/2018 01:00:00,
09/02/2018 01:05:00,
09/02/2018 01:10:00,
09/02/2018 01:15:00,
09/02/2018 01:20:00,
09/02/2018 01:25:00,
09/02/2018 01:30:00,
09/02/2018 01:35:00,
09/02/2018 01:40:00,
09/02/2018 01:45:00,
09/02/2018 01:50:00,
09/02/2018 01:55:00,
09/02/2018 02:00:00,
09/02/2018 02:05:00,
09/02/2018 02:10:00,
09/02/2018 02:15:00,
09/02/2018 02:20:00,
09/02/2018 02:25:00,
09/02/2018 02:30:00,
09/02/2018 02:35:00,
09/02/2018 02:40:00,
09/02/2018 02:45:00,
09/02/2018 02:50:00,
09/02/2018 02:55:00,
09/02/2018 03:00:00,
09/02/2018 03:05:00,
09/02/2018 03:10:00,
09/02/2018 03:15:00,
09/02/2018 03:20:00,
09/02/2018 03:25:00,
09/02/2018 03:30:00,
09/02/2018 03:35:00,
09/02/2018 03:40:00,
09/02/2018 03:45:00,
09/02/2018 03:50:00,
09/02/2018 03:55:00,
09/02/2018 04:00:00,
09/02/2018 04:05:00,0
09/02/2018 04:10:00,
09/02/2018 04:15:00,
09/02/2018 04:20:00,
09/02/2018 04:25:00,
09/02/2018 04:30:00,
09/02/2018 04:35:00,
09/02/2018 04:40:00,
09/02/2018 04:45:00,
09/02/2018 04:50:00,
09/02/2018 04:55:00,
09/02/2018 05:00:00,
09/02/2018 05:05:00,
09/02/2018 05:10:00,
09/02/2018 05:15:00,
09/02/2018 05:20:00,
09/02/2018 05:25:00,
09/02/2018 05:30:00,
09/02/2018 05:35:00,
09/02/2018 05:40:00,
09/02/2018 05:45:00,
09/02/2018 05:50:00,
09/02/2018 05:55:00,
09/02/2018 06:00:00,
09/02/2018 06:05:00,
09/02/2018 06:10:00,
09/02/2018 06:15:00,
09/02/2018 06:20:00,
09/02/2018 06:25:00,
09/02/2018 06:30:00,
09/02/2018 06:35:00,
09/02/2018 06:40:00,
09/02/2018 06:45:00,
09/02/2018 06:50:00,
09/02/2018 06:55:00,
09/02/2018 07:00:00,
09/02/2018 07:05:00,
09/02/2018 07:10:00,
09/02/2018 07:15:00,
09/02/2018 07:20:00,
09/02/2018 07:25:00,
09/02/2018 07:30:00,11.08440298
09/02/2018 07:35:00,26.28206482
09/02/2018 07:40:00,21.61090478
09/02/2018 07:45:00,22.01249847
09/02/2018 07:50:00,22.79750645
09/02/2018 07:55:00,40.34541266
09/02/2018 08:00:00,54.26188446
09/02/2018 08:05:00,76.34856511
09/02/2018 08:10:00,99.90849763
09/02/2018 08:15:00,124.132877
09/02/2018 08:20:00,138.898395
09/02/2018 08:25:00,144.1679806
09/02/2018 08:30:00,141.1419677
09/02/2018 08:35:00,142.4756131
09/02/2018 08:40:00,160.4087767
09/02/2018 08:45:00,190.2037334
09/02/2018 08:50:00,212.6754636
09/02/2018 08:55:00,263.5517797
09/02/2018 09:00:00,337.4261258
09/02/2018 09:05:00,432.3575595
09/02/2018 09:10:00,472.2701209
09/02/2018 09:15:00,586.9701135
09/02/2018 09:20:00,509.127017
09/02/2018 09:25:00,650.3834989
09/02/2018 09:30:00,521.9258425
09/02/2018 09:35:00,422.7639384
09/02/2018 09:40:00,587.6924198
09/02/2018 09:45:00,932.9012452
09/02/2018 09:50:00,1139.052046
09/02/2018 09:55:00,1292.386759
09/02/2018 10:00:00,608.5396633
09/02/2018 10:05:00,539.7258149
09/02/2018 10:10:00,615.1174554
09/02/2018 10:15:00,651.8762793
09/02/2018 10:20:00,653.0122667
09/02/2018 10:25:00,694.1279031
09/02/2018 10:30:00,737.3574321
09/02/2018 10:35:00,733.6504333
09/02/2018 10:40:00,835.7245242
09/02/2018 10:45:00,1181.573352
09/02/2018 10:50:00,1011.629345
09/02/2018 10:55:00,1147.099768
09/02/2018 11:00:00,1254.055958
09/02/2018 11:05:00,1479.667298
09/02/2018 11:10:00,1990.986043
09/02/2018 11:15:00,1994.443976
09/02/2018 11:20:00,1947.504186
09/02/2018 11:25:00,1709.722557
09/02/2018 11:30:00,1987.158368
09/02/2018 11:35:00,1949.91102
09/02/2018 11:40:00,1432.550614
09/02/2018 11:45:00,1036.48157
09/02/2018 11:50:00,1407.801238
09/02/2018 11:55:00,1025.541254
09/02/2018 12:00:00,1064.124496
09/02/2018 12:05:00,1179.410064
09/02/2018 12:10:00,1147.979283
09/02/2018 12:15:00,1096.0102
09/02/2018 12:20:00,1124.561299
09/02/2018 12:25:00,1144.702549
09/02/2018 12:30:00,1080.012156
09/02/2018 12:35:00,970.6395498
09/02/2018 12:40:00,989.5683466
09/02/2018 12:45:00,1051.696335
09/02/2018 12:50:00,1015.478013
09/02/2018 12:55:00,1040.394697
09/02/2018 13:00:00,1074.563658
09/02/2018 13:05:00,1069.061534
09/02/2018 13:10:00,1007.181129
09/02/2018 13:15:00,1009.134488
09/02/2018 13:20:00,981.2878375
09/02/2018 13:25:00,984.2380294
09/02/2018 13:30:00,1558.6329
09/02/2018 13:35:00,1970.498368
09/02/2018 13:40:00,1901.77201
09/02/2018 13:45:00,1766.755808
09/02/2018 13:50:00,1653.60372
09/02/2018 13:55:00,1856.79489
09/02/2018 14:00:00,1991.116068
09/02/2018 14:05:00,1682.076466
09/02/2018 14:10:00,1259.31464
09/02/2018 14:15:00,1131.503192
09/02/2018 14:20:00,1097.934623
09/02/2018 14:25:00,1031.993409
09/02/2018 14:30:00,909.5228844
09/02/2018 14:35:00,810.6855399
09/02/2018 14:40:00,823.0683208
09/02/2018 14:45:00,909.4142213
09/02/2018 14:50:00,944.362946
09/02/2018 14:55:00,1007.83633
09/02/2018 15:00:00,847.9884743
09/02/2018 15:05:00,756.3172019
09/02/2018 15:10:00,711.4359899
09/02/2018 15:15:00,672.4255912
09/02/2018 15:20:00,660.3557428
09/02/2018 15:25:00,640.4178418
09/02/2018 15:30:00,647.0757697
09/02/2018 15:35:00,684.1645726
09/02/2018 15:40:00,763.9451794
09/02/2018 15:45:00,904.5233623
09/02/2018 15:50:00,882.4435534
09/02/2018 15:55:00,1059.04933
09/02/2018 16:00:00,1312.083171
09/02/2018 16:05:00,1100.012219
09/02/2018 16:10:00,1323.371684
09/02/2018 16:15:00,1232.769474
09/02/2018 16:20:00,1308.463647
09/02/2018 16:25:00,1608.729013
09/02/2018 16:30:00,1985.004793
09/02/2018 16:35:00,1466.807283
09/02/2018 16:40:00,1141.541118
09/02/2018 16:45:00,1988.141072
09/02/2018 16:50:00,1972.41408
09/02/2018 16:55:00,1976.147477
09/02/2018 17:00:00,1931.763838
09/02/2018 17:05:00,1643.426738
09/02/2018 17:10:00,1687.640747
09/02/2018 17:15:00,1982.793287
09/02/2018 17:20:00,1761.327401
09/02/2018 17:25:00,1932.584855
09/02/2018 17:30:00,1910.215009
09/02/2018 17:35:00,1991.334357
09/02/2018 17:40:00,1707.52019
09/02/2018 17:45:00,1344.482967
09/02/2018 17:50:00,1409.677789
09/02/2018 17:55:00,1179.869667
09/02/2018 18:00:00,1586.951546
09/02/2018 18:05:00,1998.061867
09/02/2018 18:10:00,1990.432413
09/02/2018 18:15:00,1990.278495
09/02/2018 18:20:00,1996.49642
09/02/2018 18:25:00,1887.891293
09/02/2018 18:30:00,1950.905356
09/02/2018 18:35:00,1910.581146
09/02/2018 18:40:00,1355.731351
09/02/2018 18:45:00,1754.280715
09/02/2018 18:50:00,1146.334831
09/02/2018 18:55:00,372.4009584
09/02/2018 19:00:00,512.7174767
09/02/2018 19:05:00,1199.043211
09/02/2018 19:10:00,1124.659139
09/02/2018 19:15:00,962.7175924
09/02/2018 19:20:00,799.456296
09/02/2018 19:25:00,676.710313
09/02/2018 19:30:00,524.8497237
09/02/2018 19:35:00,214.6083099
09/02/2018 19:40:00,104.9928959
09/02/2018 19:45:00,73.85128385
09/02/2018 19:50:00,46.64217381
09/02/2018 19:55:00,40.0402606
09/02/2018 20:00:00,24.56336901
09/02/2018 20:05:00,14.48374875
09/02/2018 20:10:00,0.024526078
09/02/2018 20:15:00,
09/02/2018 20:20:00,
09/02/2018 20:25:00,
09/02/2018 20:30:00,
09/02/2018 20:35:00,
09/02/2018 20:40:00,
09/02/2018 20:45:00,
09/02/2018 20:50:00,
09/02/2018 20:55:00,
09/02/2018 21:00:00,
09/02/2018 21:05:00,
09/02/2018 21:10:00,
09/02/2018 21:15:00,
09/02/2018 21:20:00,
09/02/2018 21:25:00,
09/02/2018 21:30:00,
09/02/2018 21:35:00,
09/02/2018 21:40:00,
09/02/2018 21:45:00,
09/02/2018 21:50:00,
09/02/2018 21:55:00,
09/02/2018 22:00:00,
09/02/2018 22:05:00,
09/02/2018 22:10:00,
09/02/2018 22:15:00,
09/02/2018 22:20:00,
09/02/2018 22:25:00,
09/02/2018 22:30:00,
09/02/2018 22:35:00,
09/02/2018 22:40:00,
09/02/2018 22:45:00,
09/02/2018 22:50:00,
09/02/2018 22:55:00,
09/02/2018 23:00:00,
09/02/2018 23:05:00,
09/02/2018 23:10:00,
09/02/2018 23:15:00,
09/02/2018 23:20:00,
09/02/2018 23:25:00,
09/02/2018 23:30:00,
09/02/2018 23:35:00,
09/02/2018 23:40:00,
09/02/2018 23:45:00,
09/02/2018 23:50:00,
09/02/2018 23:55:00,
09/03/2018 00:00:00,
09/03/2018 00:05:00,
09/03/2018 00:10:00,
09/03/2018 00:15:00,
09/03/2018 00:20:00,
09/03/2018 00:25:00,
09/03/2018 00:30:00,
09/03/2018 00:35:00,
09/03/2018 00:40:00,
09/03/2018 00:45:00,
09/03/2018 00:50:00,
09/03/2018 00:55:00,
09/03/2018 01:00:00,
09/03/2018 01:05:00,
09/03/2018 01:10:00,
09/03/2018 01:15:00,
09/03/2018 01:20:00,
09/03/2018 01:25:00,
09/03/2018 01:30:00,
09/03/2018 01:35:00,
09/03/2018 01:40:00,
09/03/2018 01:45:00,
09/03/2018 01:50:00,
09/03/2018 01:55:00,
09/03/2018 02:00:00,
09/03/2018 02:05:00,
09/03/2018 02:10:00,
09/03/2018 02:15:00,
09/03/2018 02:20:00,0
09/03/2018 02:25:00,
09/03/2018 02:30:00,
09/03/2018 02:35:00,
09/03/2018 02:40:00,
09/03/2018 02:45:00,
09/03/2018 02:50:00,
09/03/2018 02:55:00,
09/03/2018 03:00:00,
09/03/2018 03:05:00,
09/03/2018 03:10:00,
09/03/2018 03:15:00,
09/03/2018 03:20:00,
09/03/2018 03:25:00,
09/03/2018 03:30:00,
09/03/2018 03:35:00,
09/03/2018 03:40:00,
09/03/2018 03:45:00,
09/03/2018 03:50:00,
09/03/2018 03:55:00,
09/03/2018 04:00:00,
09/03/2018 04:05:00,
09/03/2018 04:10:00,
09/03/2018 04:15:00,
09/03/2018 04:20:00,
09/03/2018 04:25:00,
09/03/2018 04:30:00,
09/03/2018 04:35:00,
09/03/2018 04:40:00,
09/03/2018 04:45:00,
09/03/2018 04:50:00,
09/03/2018 04:55:00,
09/03/2018 05:00:00,
09/03/2018 05:05:00,
09/03/2018 05:10:00,
09/03/2018 05:15:00,
09/03/2018 05:20:00,
09/03/2018 05:25:00,
09/03/2018 05:30:00,
09/03/2018 05:35:00,
09/03/2018 05:40:00,
09/03/2018 05:45:00,
09/03/2018 05:50:00,
09/03/2018 05:55:00,
09/03/2018 06:00:00,
09/03/2018 06:05:00,
09/03/2018 06:10:00,
09/03/2018 06:15:00,
09/03/2018 06:20:00,
09/03/2018 06:25:00,
09/03/2018 06:30:00,
09/03/2018 06:35:00,
09/03/2018 06:40:00,
09/03/2018 06:45:00,
09/03/2018 06:50:00,
09/03/2018 06:55:00,
09/03/2018 07:00:00,
09/03/2018 07:05:00,
09/03/2018 07:10:00,
09/03/2018 07:15:00,
09/03/2018 07:20:00,
09/03/2018 07:25:00,
09/03/2018 07:30:00,
09/03/2018 07:35:00,
09/03/2018 07:40:00,47.47805677
09/03/2018 07:45:00,85.42962561
09/03/2018 07:50:00,123.6412822
09/03/2018 07:55:00,162.4047725
09/03/2018 08:00:00,208.2326911
09/03/2018 08:05:00,259.5699486
09/03/2018 08:10:00,318.2698547
09/03/2018 08:15:00,352.6917549
09/03/2018 08:20:00,370.9577539
09/03/2018 08:25:00,318.8846298
09/03/2018 08:30:00,327.0494526
09/03/2018 08:35:00,415.9892324
09/03/2018 08:40:00,444.4569907
09/03/2018 08:45:00,473.7238938
09/03/2018 08:50:00,471.3878411
09/03/2018 08:55:00,384.6485725
09/03/2018 09:00:00,277.7707619
09/03/2018 09:05:00,199.6499644
09/03/2018 09:10:00,170.8612502
09/03/2018 09:15:00,181.7306
09/03/2018 09:20:00,170.1932905
09/03/2018 09:25:00,179.3970484
09/03/2018 09:30:00,262.17676
09/03/2018 09:35:00,277.155184
09/03/2018 09:40:00,270.7721605
09/03/2018 09:45:00,402.3166124
09/03/2018 09:50:00,708.8672742
09/03/2018 09:55:00,875.7764025
09/03/2018 10:00:00,640.8440484
09/03/2018 10:05:00,589.1321837
09/03/2018 10:10:00,816.9912134
09/03/2018 10:15:00,1240.023815
09/03/2018 10:20:00,1951.972367
09/03/2018 10:25:00,1620.817557
09/03/2018 10:30:00,1866.343869
09/03/2018 10:35:00,1946.363977
09/03/2018 10:40:00,1684.634493
09/03/2018 10:45:00,1997.802269
09/03/2018 10:50:00,1994.069928
09/03/2018 10:55:00,1996.795678
09/03/2018 11:00:00,1997.368039
09/03/2018 11:05:00,1990.293511
09/03/2018 11:10:00,1997.767908
09/03/2018 11:15:00,1995.133835
09/03/2018 11:20:00,1993.293844
09/03/2018 11:25:00,1995.810385
09/03/2018 11:30:00,1832.187829
09/03/2018 11:35:00,1992.175793
09/03/2018 11:40:00,1990.928636
09/03/2018 11:45:00,1939.84079
09/03/2018 11:50:00,1985.87634
09/03/2018 11:55:00,1997.020881
09/03/2018 12:00:00,1998.099967
09/03/2018 12:05:00,1973.991938
09/03/2018 12:10:00,1484.290955
09/03/2018 12:15:00,1802.916913
09/03/2018 12:20:00,1914.261157
09/03/2018 12:25:00,1924.478491
09/03/2018 12:30:00,1588.340366
09/03/2018 12:35:00,961.207568
09/03/2018 12:40:00,1750.883997
09/03/2018 12:45:00,1992.918662
09/03/2018 12:50:00,1662.604318
09/03/2018 12:55:00,1518.405757
09/03/2018 13:00:00,924.6475769
09/03/2018 13:05:00,1698.174632
09/03/2018 13:10:00,1840.530243
09/03/2018 13:15:00,988.688562
09/03/2018 13:20:00,1045.596518
09/03/2018 13:25:00,1609.854917
09/03/2018 13:30:00,1796.587429
09/03/2018 13:35:00,1360.133061
09/03/2018 13:40:00,1257.669084
09/03/2018 13:45:00,1870.147753
09/03/2018 13:50:00,1997.721778
09/03/2018 13:55:00,1389.275635
09/03/2018 14:00:00,1752.561391
09/03/2018 14:05:00,1844.415443
09/03/2018 14:10:00,1406.731244
09/03/2018 14:15:00,622.7431515
09/03/2018 14:20:00,1524.42819
09/03/2018 14:25:00,1977.025171
09/03/2018 14:30:00,1987.682217
09/03/2018 14:35:00,1797.337267
09/03/2018 14:40:00,1880.132189
09/03/2018 14:45:00,1877.486574
09/03/2018 14:50:00,1858.112493
09/03/2018 14:55:00,1532.737614
09/03/2018 15:00:00,1273.584612
09/03/2018 15:05:00,1365.812656
09/03/2018 15:10:00,1819.486781
09/03/2018 15:15:00,1659.658131
09/03/2018 15:20:00,1198.897365
09/03/2018 15:25:00,1230.087336
09/03/2018 15:30:00,1605.287552
09/03/2018 15:35:00,903.5050225
09/03/2018 15:40:00,761.7761818
09/03/2018 15:45:00,745.1277354
09/03/2018 15:50:00,724.1041566
09/03/2018 15:55:00,803.2059627
09/03/2018 16:00:00,931.4613261
09/03/2018 16:05:00,1332.926539
09/03/2018 16:10:00,1647.062455
09/03/2018 16:15:00,1104.991468
09/03/2018 16:20:00,845.5107211
09/03/2018 16:25:00,738.270716
09/03/2018 16:30:00,925.2915366
09/03/2018 16:35:00,840.0583346
09/03/2018 16:40:00,642.4427252
09/03/2018 16:45:00,594.8693682
09/03/2018 16:50:00,677.586087
09/03/2018 16:55:00,682.1671406
09/03/2018 17:00:00,743.8771359
09/03/2018 17:05:00,1312.061486
09/03/2018 17:10:00,1185.703585
09/03/2018 17:15:00,1167.633225
09/03/2018 17:20:00,1219.829699
09/03/2018 17:25:00,591.5909454
09/03/2018 17:30:00,788.5785528
09/03/2018 17:35:00,1578.475095
09/03/2018 17:40:00,1604.73877
09/03/2018 17:45:00,829.6641291
09/03/2018 17:50:00,1207.620998
09/03/2018 17:55:00,655.5191824
09/03/2018 18:00:00,505.2506436
09/03/2018 18:05:00,486.1961914
09/03/2018 18:10:00,440.9013689
09/03/2018 18:15:00,380.7829176
09/03/2018 18:20:00,328.1570856
09/03/2018 18:25:00,295.8607146
09/03/2018 18:30:00,277.4504637
09/03/2018 18:35:00,250.1099102
09/03/2018 18:40:00,229.6662778
09/03/2018 18:45:00,212.3907221
09/03/2018 18:50:00,196.7665952
09/03/2018 18:55:00,197.4719125
09/03/2018 19:00:00,188.3881242
09/03/2018 19:05:00,180.7197645
09/03/2018 19:10:00,175.0551455
09/03/2018 19:15:00,155.935868
09/03/2018 19:20:00,154.7499587
09/03/2018 19:25:00,158.6480476
09/03/2018 19:30:00,143.576299
09/03/2018 19:35:00,118.0248369
09/03/2018 19:40:00,105.285187
09/03/2018 19:45:00,87.20581587
09/03/2018 19:50:00,63.64590977
09/03/2018 19:55:00,45.48415603
09/03/2018 20:00:00,26.97283522
09/03/2018 20:05:00,13.69322877
09/03/2018 20:10:00,0.769893206
09/03/2018 20:15:00,
09/03/2018 20:20:00,
09/03/2018 20:25:00,
09/03/2018 20:30:00,
09/03/2018 20:35:00,
09/03/2018 20:40:00,
09/03/2018 20:45:00,
09/03/2018 20:50:00,
09/03/2018 20:55:00,
09/03/2018 21:00:00,
09/03/2018 21:05:00,
09/03/2018 21:10:00,
09/03/2018 21:15:00,
09/03/2018 21:20:00,
09/03/2018 21:25:00,
09/03/2018 21:30:00,
09/03/2018 21:35:00,
09/03/2018 21:40:00,
09/03/2018 21:45:00,
09/03/2018 21:50:00,
09/03/2018 21:55:00,
09/03/2018 22:00:00,
09/03/2018 22:05:00,
09/03/2018 22:10:00,
09/03/2018 22:15:00,
09/03/2018 22:20:00,
09/03/2018 22:25:00,
09/03/2018 22:30:00,
09/03/2018 22:35:00,
09/03/2018 22:40:00,
09/03/2018 22:45:00,
09/03/2018 22:50:00,
09/03/2018 22:55:00,
09/03/2018 23:00:00,
09/03/2018 23:05:00,
09/03/2018 23:10:00,
09/03/2018 23:15:00,
09/03/2018 23:20:00,
09/03/2018 23:25:00,
09/03/2018 23:30:00,
09/03/2018 23:35:00,
09/03/2018 23:40:00,
09/03/2018 23:45:00,
09/03/2018 23:50:00,
09/03/2018 23:55:00,
09/04/2018 00:00:00,
09/04/2018 00:05:00,
09/04/2018 00:10:00,
09/04/2018 00:15:00,
09/04/2018 00:20:00,
09/04/2018 00:25:00,
09/04/2018 00:30:00,
09/04/2018 00:35:00,
09/04/2018 00:40:00,
09/04/2018 00:45:00,
09/04/2018 00:50:00,
09/04/2018 00:55:00,
09/04/2018 01:00:00,
09/04/2018 01:05:00,
09/04/2018 01:10:00,
09/04/2018 01:15:00,
09/04/2018 01:20:00,
09/04/2018 01:25:00,
09/04/2018 01:30:00,
09/04/2018 01:35:00,
09/04/2018 01:40:00,
09/04/2018 01:45:00,
09/04/2018 01:50:00,
09/04/2018 01:55:00,
09/04/2018 02:00:00,
09/04/2018 02:05:00,
09/04/2018 02:10:00,
09/04/2018 02:15:00,
09/04/2018 02:20:00,
09/04/2018 02:25:00,
09/04/2018 02:30:00,
09/04/2018 02:35:00,
09/04/2018 02:40:00,
09/04/2018 02:45:00,
09/04/2018 02:50:00,
09/04/2018 02:55:00,
09/04/2018 03:00:00,
09/04/2018 03:05:00,
09/04/2018 03:10:00,
09/04/2018 03:15:00,
09/04/2018 03:20:00,
09/04/2018 03:25:00,
09/04/2018 03:30:00,
09/04/2018 03:35:00,
09/04/2018 03:40:00,
09/04/2018 03:45:00,
09/04/2018 03:50:00,
09/04/2018 03:55:00,
09/04/2018 04:00:00,0
09/04/2018 04:05:00,
09/04/2018 04:10:00,
09/04/2018 04:15:00,
09/04/2018 04:20:00,
09/04/2018 04:25:00,
09/04/2018 04:30:00,
09/04/2018 04:35:00,
09/04/2018 04:40:00,
09/04/2018 04:45:00,
09/04/2018 04:50:00,
09/04/2018 04:55:00,
09/04/2018 05:00:00,
09/04/2018 05:05:00,
09/04/2018 05:10:00,
09/04/2018 05:15:00,
09/04/2018 05:20:00,
09/04/2018 05:25:00,
09/04/2018 05:30:00,
09/04/2018 05:35:00,
09/04/2018 05:40:00,
09/04/2018 05:45:00,
09/04/2018 05:50:00,
09/04/2018 05:55:00,
09/04/2018 06:00:00,
09/04/2018 06:05:00,
09/04/2018 06:10:00,
09/04/2018 06:15:00,
09/04/2018 06:20:00,
09/04/2018 06:25:00,
09/04/2018 06:30:00,
09/04/2018 06:35:00,
09/04/2018 06:40:00,
09/04/2018 06:45:00,
09/04/2018 06:50:00,
09/04/2018 06:55:00,
09/04/2018 07:00:00,
09/04/2018 07:05:00,
09/04/2018 07:10:00,
09/04/2018 07:15:00,
09/04/2018 07:20:00,
09/04/2018 07:25:00,
09/04/2018 07:30:00,
09/04/2018 07:35:00,
09/04/2018 07:40:00,
09/04/2018 07:45:00,
09/04/2018 07:50:00,22.73089981
09/04/2018 07:55:00,41.71962218
09/04/2018 08:00:00,52.26347747
09/04/2018 08:05:00,74.62515887
09/04/2018 08:10:00,107.8459856
09/04/2018 08:15:00,140.043851
09/04/2018 08:20:00,160.7735364
09/04/2018 08:25:00,187.9065735
09/04/2018 08:30:00,194.7005835
09/04/2018 08:35:00,228.6556437
09/04/2018 08:40:00,266.8482441
09/04/2018 08:45:00,288.6318874
09/04/2018 08:50:00,353.9472861
09/04/2018 08:55:00,673.0584087
09/04/2018 09:00:00,1263.01409
09/04/2018 09:05:00,1273.022258
09/04/2018 09:10:00,1116.95534
09/04/2018 09:15:00,1312.965592
09/04/2018 09:20:00,1315.10279
09/04/2018 09:25:00,1263.300041
09/04/2018 09:30:00,1539.852546
09/04/2018 09:35:00,1302.055103
09/04/2018 09:40:00,1376.266737
09/04/2018 09:45:00,1116.562612
09/04/2018 09:50:00,1584.859882
09/04/2018 09:55:00,1377.407635
09/04/2018 10:00:00,1085.537248
09/04/2018 10:05:00,1085.905857
09/04/2018 10:10:00,1611.005366
09/04/2018 10:15:00,1421.810015
09/04/2018 10:20:00,1502.244828
09/04/2018 10:25:00,1486.422024
09/04/2018 10:30:00,1896.835317
09/04/2018 10:35:00,1664.486902
09/04/2018 10:40:00,890.0108398
09/04/2018 10:45:00,605.278496
09/04/2018 10:50:00,584.1809027
09/04/2018 10:55:00,613.5632913
09/04/2018 11:00:00,593.3811392
09/04/2018 11:05:00,836.6868134
09/04/2018 11:10:00,1386.199505
09/04/2018 11:15:00,1938.881173
09/04/2018 11:20:00,1859.763735
09/04/2018 11:25:00,1204.870391
09/04/2018 11:30:00,1776.911574
09/04/2018 11:35:00,1154.767678
09/04/2018 11:40:00,1329.07132
09/04/2018 11:45:00,1279.726402
09/04/2018 11:50:00,1836.610417
09/04/2018 11:55:00,1981.621268
09/04/2018 12:00:00,1286.671377
09/04/2018 12:05:00,1397.670549
09/04/2018 12:10:00,1998.604338
09/04/2018 12:15:00,1410.826354
09/04/2018 12:20:00,1024.758137
09/04/2018 12:25:00,899.1439699
09/04/2018 12:30:00,1099.48906
09/04/2018 12:35:00,897.5172137
09/04/2018 12:40:00,1374.215075
09/04/2018 12:45:00,1426.831509
09/04/2018 12:50:00,1127.170953
09/04/2018 12:55:00,1395.403707
09/04/2018 13:00:00,1616.473518
09/04/2018 13:05:00,864.0252578
09/04/2018 13:10:00,1068.214827
09/04/2018 13:15:00,776.5849527
09/04/2018 13:20:00,1049.298336
09/04/2018 13:25:00,896.1717686
09/04/2018 13:30:00,1535.2076
09/04/2018 13:35:00,1247.198034
09/04/2018 13:40:00,853.843718
09/04/2018 13:45:00,1300.461269
09/04/2018 13:50:00,1950.773284
09/04/2018 13:55:00,1997.465976
09/04/2018 14:00:00,1307.13377
09/04/2018 14:05:00,769.7526717
09/04/2018 14:10:00,667.1333794
09/04/2018 14:15:00,703.7765844
09/04/2018 14:20:00,722.7426143
09/04/2018 14:25:00,1440.439471
09/04/2018 14:30:00,1769.381735
09/04/2018 14:35:00,1844.105876
09/04/2018 14:40:00,1502.568302
09/04/2018 14:45:00,1214.364994
09/04/2018 14:50:00,660.8493603
09/04/2018 14:55:00,556.091484
09/04/2018 15:00:00,665.2250729
09/04/2018 15:05:00,726.7480293
09/04/2018 15:10:00,989.2234679
09/04/2018 15:15:00,1055.228312
09/04/2018 15:20:00,1266.33157
09/04/2018 15:25:00,1807.559997
09/04/2018 15:30:00,1952.401619
09/04/2018 15:35:00,1646.156017
09/04/2018 15:40:00,1814.707608
09/04/2018 15:45:00,1299.977791
09/04/2018 15:50:00,646.2179254
09/04/2018 15:55:00,605.1551579
09/04/2018 16:00:00,1781.534903
09/04/2018 16:05:00,808.9929591
09/04/2018 16:10:00,1423.113273
09/04/2018 16:15:00,1356.881092
09/04/2018 16:20:00,1636.152829
09/04/2018 16:25:00,780.6083659
09/04/2018 16:30:00,809.2548266
09/04/2018 16:35:00,1925.511171
09/04/2018 16:40:00,1152.080522
09/04/2018 16:45:00,488.0120889
09/04/2018 16:50:00,432.0179168
09/04/2018 16:55:00,410.3045607
09/04/2018 17:00:00,474.829374
09/04/2018 17:05:00,822.5988469
09/04/2018 17:10:00,1912.055412
09/04/2018 17:15:00,1997.821785
09/04/2018 17:20:00,1991.384229
09/04/2018 17:25:00,1994.258326
09/04/2018 17:30:00,1994.634185
09/04/2018 17:35:00,1956.758279
09/04/2018 17:40:00,1955.10788
09/04/2018 17:45:00,1997.832068
09/04/2018 17:50:00,1997.339948
09/04/2018 17:55:00,1984.987764
09/04/2018 18:00:00,1975.58992
09/04/2018 18:05:00,1935.440926
09/04/2018 18:10:00,1914.612696
09/04/2018 18:15:00,1892.609069
09/04/2018 18:20:00,1857.285897
09/04/2018 18:25:00,1785.303327
09/04/2018 18:30:00,1681.847832
09/04/2018 18:35:00,1595.710125
09/04/2018 18:40:00,1501.698193
09/04/2018 18:45:00,1385.365268
09/04/2018 18:50:00,1277.742758
09/04/2018 18:55:00,1178.087093
09/04/2018 19:00:00,968.6221093
09/04/2018 19:05:00,484.6997789
09/04/2018 19:10:00,747.250438
09/04/2018 19:15:00,720.2204631
09/04/2018 19:20:00,418.1117839
09/04/2018 19:25:00,109.0281151
09/04/2018 19:30:00,35.94549807
09/04/2018 19:35:00,30.54035507
09/04/2018 19:40:00,37.85607463
09/04/2018 19:45:00,43.61024224
09/04/2018 19:50:00,33.25064472
09/04/2018 19:55:00,18.23163555
09/04/2018 20:00:00,6.510715654
09/04/2018 20:05:00,
09/04/2018 20:10:00,
09/04/2018 20:15:00,
09/04/2018 20:20:00,
09/04/2018 20:25:00,
09/04/2018 20:30:00,
09/04/2018 20:35:00,
09/04/2018 20:40:00,
09/04/2018 20:45:00,
09/04/2018 20:50:00,
09/04/2018 20:55:00,
09/04/2018 21:00:00,
09/04/2018 21:05:00,
09/04/2018 21:10:00,
09/04/2018 21:15:00,
09/04/2018 21:20:00,
09/04/2018 21:25:00,
09/04/2018 21:30:00,
09/04/2018 21:35:00,
09/04/2018 21:40:00,
09/04/2018 21:45:00,
09/04/2018 21:50:00,
09/04/2018 21:55:00,
09/04/2018 22:00:00,
09/04/2018 22:05:00,
09/04/2018 22:10:00,
09/04/2018 22:15:00,
09/04/2018 22:20:00,
09/04/2018 22:25:00,
09/04/2018 22:30:00,
09/04/2018 22:35:00,
09/04/2018 22:40:00,
09/04/2018 22:45:00,
09/04/2018 22:50:00,
09/04/2018 22:55:00,
09/04/2018 23:00:00,
09/04/2018 23:05:00,
09/04/2018 23:10:00,
09/04/2018 23:15:00,
09/04/2018 23:20:00,
09/04/2018 23:25:00,
09/04/2018 23:30:00,
09/04/2018 23:35:00,
09/04/2018 23:40:00,
09/04/2018 23:45:00,
09/04/2018 23:50:00,
09/04/2018 23:55:00,
09/05/2018 00:00:00,
09/05/2018 00:05:00,
09/05/2018 00:10:00,
09/05/2018 00:15:00,
09/05/2018 00:20:00,
09/05/2018 00:25:00,
09/05/2018 00:30:00,
09/05/2018 00:35:00,
09/05/2018 00:40:00,
09/05/2018 00:45:00,
09/05/2018 00:50:00,
09/05/2018 00:55:00,
09/05/2018 01:00:00,
09/05/2018 01:05:00,
09/05/2018 01:10:00,
09/05/2018 01:15:00,
09/05/2018 01:20:00,
09/05/2018 01:25:00,0
09/05/2018 01:30:00,
09/05/2018 01:35:00,
09/05/2018 01:40:00,
09/05/2018 01:45:00,0
09/05/2018 01:50:00,
09/05/2018 01:55:00,
09/05/2018 02:00:00,
09/05/2018 02:05:00,
09/05/2018 02:10:00,
09/05/2018 02:15:00,0
09/05/2018 02:20:00,
09/05/2018 02:25:00,
09/05/2018 02:30:00,
09/05/2018 02:35:00,
09/05/2018 02:40:00,
09/05/2018 02:45:00,
09/05/2018 02:50:00,
09/05/2018 02:55:00,
09/05/2018 03:00:00,
09/05/2018 03:05:00,
09/05/2018 03:10:00,
09/05/2018 03:15:00,
09/05/2018 03:20:00,
09/05/2018 03:25:00,
09/05/2018 03:30:00,
09/05/2018 03:35:00,
09/05/2018 03:40:00,
09/05/2018 03:45:00,
09/05/2018 03:50:00,
09/05/2018 03:55:00,
09/05/2018 04:00:00,
09/05/2018 04:05:00,
09/05/2018 04:10:00,
09/05/2018 04:15:00,
09/05/2018 04:20:00,
09/05/2018 04:25:00,
09/05/2018 04:30:00,
09/05/2018 04:35:00,
09/05/2018 04:40:00,
09/05/2018 04:45:00,
09/05/2018 04:50:00,
09/05/2018 04:55:00,
09/05/2018 05:00:00,
09/05/2018 05:05:00,0
09/05/2018 05:10:00,
09/05/2018 05:15:00,
09/05/2018 05:20:00,
09/05/2018 05:25:00,
09/05/2018 05:30:00,
09/05/2018 05:35:00,
09/05/2018 05:40:00,
09/05/2018 05:45:00,
09/05/2018 05:50:00,
09/05/2018 05:55:00,
09/05/2018 06:00:00,0
09/05/2018 06:05:00,
09/05/2018 06:10:00,
09/05/2018 06:15:00,
09/05/2018 06:20:00,
09/05/2018 06:25:00,
09/05/2018 06:30:00,
09/05/2018 06:35:00,
09/05/2018 06:40:00,
09/05/2018 06:45:00,
09/05/2018 06:50:00,
09/05/2018 06:55:00,
09/05/2018 07:00:00,
09/05/2018 07:05:00,
09/05/2018 07:10:00,
09/05/2018 07:15:00,
09/05/2018 07:20:00,0
09/05/2018 07:25:00,
09/05/2018 07:30:00,
09/05/2018 07:35:00,
09/05/2018 07:40:00,
09/05/2018 07:45:00,7.119136335
09/05/2018 07:50:00,45.38601224
09/05/2018 07:55:00,66.39163235
09/05/2018 08:00:00,97.36194139
09/05/2018 08:05:00,114.8913038
09/05/2018 08:10:00,91.99655104
09/05/2018 08:15:00,130.6432976
09/05/2018 08:20:00,142.9889673
09/05/2018 08:25:00,175.4208699
09/05/2018 08:30:00,187.7851897
09/05/2018 08:35:00,206.1383331
09/05/2018 08:40:00,223.0822797
09/05/2018 08:45:00,236.5436036
09/05/2018 08:50:00,257.5507011
09/05/2018 08:55:00,523.8488782
09/05/2018 09:00:00,1222.475715
09/05/2018 09:05:00,1622.026643
09/05/2018 09:10:00,1687.217374
09/05/2018 09:15:00,1740.820535
09/05/2018 09:20:00,1664.827301
09/05/2018 09:25:00,1689.029021
09/05/2018 09:30:00,1181.607132
09/05/2018 09:35:00,541.891597
09/05/2018 09:40:00,707.7205069
09/05/2018 09:45:00,1219.467197
09/05/2018 09:50:00,1290.196533
09/05/2018 09:55:00,1056.754864
09/05/2018 10:00:00,1032.028994
09/05/2018 10:05:00,884.2472519
09/05/2018 10:10:00,1453.601679
09/05/2018 10:15:00,1071.516417
09/05/2018 10:20:00,376.3141465
09/05/2018 10:25:00,479.612486
09/05/2018 10:30:00,977.5165051
09/05/2018 10:35:00,567.7409612
09/05/2018 10:40:00,1124.455811
09/05/2018 10:45:00,1897.807374
09/05/2018 10:50:00,1514.486323
09/05/2018 10:55:00,1042.794138
09/05/2018 11:00:00,1147.566563
09/05/2018 11:05:00,909.0335247
09/05/2018 11:10:00,1220.737674
09/05/2018 11:15:00,1356.656131
09/05/2018 11:20:00,1375.238838
09/05/2018 11:25:00,1210.741024
09/05/2018 11:30:00,1777.089679
09/05/2018 11:35:00,839.9452682
09/05/2018 11:40:00,1125.338011
09/05/2018 11:45:00,1342.420671
09/05/2018 11:50:00,730.6925352
09/05/2018 11:55:00,1428.545108
09/05/2018 12:00:00,788.4289032
09/05/2018 12:05:00,702.4636247
09/05/2018 12:10:00,628.9722727
09/05/2018 12:15:00,1032.693916
09/05/2018 12:20:00,1188.693982
09/05/2018 12:25:00,1444.166573
09/05/2018 12:30:00,1781.651851
09/05/2018 12:35:00,1997.734077
09/05/2018 12:40:00,1893.985921
09/05/2018 12:45:00,1346.077695
09/05/2018 12:50:00,1369.365094
09/05/2018 12:55:00,1136.448316
09/05/2018 13:00:00,1355.248277
09/05/2018 13:05:00,1871.002185
09/05/2018 13:10:00,1580.060121
09/05/2018 13:15:00,1584.343446
09/05/2018 13:20:00,1855.997521
09/05/2018 13:25:00,1665.977264
09/05/2018 13:30:00,1056.054329
09/05/2018 13:35:00,1346.728888
09/05/2018 13:40:00,1971.263117
09/05/2018 13:45:00,1995.162145
09/05/2018 13:50:00,1998.193773
09/05/2018 13:55:00,1998.270047
09/05/2018 14:00:00,1925.069497
09/05/2018 14:05:00,601.8945084
09/05/2018 14:10:00,827.5635266
09/05/2018 14:15:00,1366.200761
09/05/2018 14:20:00,1504.605369
09/05/2018 14:25:00,1997.466071
09/05/2018 14:30:00,1576.170712
09/05/2018 14:35:00,1973.388369
09/05/2018 14:40:00,1182.219065
09/05/2018 14:45:00,1682.922788
09/05/2018 14:50:00,800.3710202
09/05/2018 14:55:00,1569.523434
09/05/2018 15:00:00,1711.371031
09/05/2018 15:05:00,712.9323705
09/05/2018 15:10:00,560.1847093
09/05/2018 15:15:00,588.2765531
09/05/2018 15:20:00,1634.89664
09/05/2018 15:25:00,1434.306106
09/05/2018 15:30:00,1996.264059
09/05/2018 15:35:00,1529.704662
09/05/2018 15:40:00,774.7948282
09/05/2018 15:45:00,948.2870344
09/05/2018 15:50:00,1493.321796
09/05/2018 15:55:00,1632.661781
09/05/2018 16:00:00,1064.19499
09/05/2018 16:05:00,552.809545
09/05/2018 16:10:00,673.940412
09/05/2018 16:15:00,1033.059971
09/05/2018 16:20:00,895.2045126
09/05/2018 16:25:00,617.9108322
09/05/2018 16:30:00,712.2114199
09/05/2018 16:35:00,727.2510969
09/05/2018 16:40:00,592.3682033
09/05/2018 16:45:00,443.9990827
09/05/2018 16:50:00,383.3575382
09/05/2018 16:55:00,383.4732988
09/05/2018 17:00:00,412.4800686
09/05/2018 17:05:00,456.718851
09/05/2018 17:10:00,489.5175173
09/05/2018 17:15:00,526.5797142
09/05/2018 17:20:00,628.769324
09/05/2018 17:25:00,824.1063861
09/05/2018 17:30:00,1745.163222
09/05/2018 17:35:00,1296.092094
09/05/2018 17:40:00,1445.517558
09/05/2018 17:45:00,930.0849359
09/05/2018 17:50:00,904.5394482
09/05/2018 17:55:00,429.1502084
09/05/2018 18:00:00,496.1193911
09/05/2018 18:05:00,502.5924424
09/05/2018 18:10:00,1766.414786
09/05/2018 18:15:00,1987.914413
09/05/2018 18:20:00,1985.254969
09/05/2018 18:25:00,1920.048604
09/05/2018 18:30:00,1508.201019
09/05/2018 18:35:00,1713.512049
09/05/2018 18:40:00,1599.976326
09/05/2018 18:45:00,1486.268634
09/05/2018 18:50:00,1356.622093
09/05/2018 18:55:00,1114.19342
09/05/2018 19:00:00,1071.338796
09/05/2018 19:05:00,1020.510955
09/05/2018 19:10:00,919.6042449
09/05/2018 19:15:00,820.2804912
09/05/2018 19:20:00,695.4386864
09/05/2018 19:25:00,427.4868178
09/05/2018 19:30:00,193.6999104
09/05/2018 19:35:00,146.3336311
09/05/2018 19:40:00,120.9168081
09/05/2018 19:45:00,91.39441282
09/05/2018 19:50:00,65.8088522
09/05/2018 19:55:00,40.0054209
09/05/2018 20:00:00,27.72987027
09/05/2018 20:05:00,18.96194167
09/05/2018 20:10:00,4.017854036
09/05/2018 20:15:00,
09/05/2018 20:20:00,
09/05/2018 20:25:00,
09/05/2018 20:30:00,
09/05/2018 20:35:00,
09/05/2018 20:40:00,
09/05/2018 20:45:00,
09/05/2018 20:50:00,
09/05/2018 20:55:00,
09/05/2018 21:00:00,
09/05/2018 21:05:00,
09/05/2018 21:10:00,
09/05/2018 21:15:00,
09/05/2018 21:20:00,
09/05/2018 21:25:00,
09/05/2018 21:30:00,
09/05/2018 21:35:00,
09/05/2018 21:40:00,
09/05/2018 21:45:00,
09/05/2018 21:50:00,
09/05/2018 21:55:00,
09/05/2018 22:00:00,
09/05/2018 22:05:00,
09/05/2018 22:10:00,
09/05/2018 22:15:00,
09/05/2018 22:20:00,
09/05/2018 22:25:00,
09/05/2018 22:30:00,
09/05/2018 22:35:00,
09/05/2018 22:40:00,
09/05/2018 22:45:00,
09/05/2018 22:50:00,
09/05/2018 22:55:00,
09/05/2018 23:00:00,
09/05/2018 23:05:00,0
09/05/2018 23:10:00,
09/05/2018 23:15:00,
09/05/2018 23:20:00,0
09/05/2018 23:25:00,
09/05/2018 23:30:00,0
09/05/2018 23:35:00,0
09/05/2018 23:40:00,0
09/05/2018 23:45:00,
09/05/2018 23:50:00,0
09/05/2018 23:55:00,
09/06/2018 00:00:00,0
09/06/2018 00:05:00,
09/06/2018 00:10:00,
09/06/2018 00:15:00,
09/06/2018 00:20:00,
09/06/2018 00:25:00,
09/06/2018 00:30:00,0
09/06/2018 00:35:00,
09/06/2018 00:40:00,0
09/06/2018 00:45:00,
09/06/2018 00:50:00,
09/06/2018 00:55:00,
09/06/2018 01:00:00,
09/06/2018 01:05:00,
09/06/2018 01:10:00,
09/06/2018 01:15:00,0
09/06/2018 01:20:00,
09/06/2018 01:25:00,0
09/06/2018 01:30:00,
09/06/2018 01:35:00,
09/06/2018 01:40:00,
09/06/2018 01:45:00,0
09/06/2018 01:50:00,
09/06/2018 01:55:00,0
09/06/2018 02:00:00,
09/06/2018 02:05:00,0
09/06/2018 02:10:00,
09/06/2018 02:15:00,
09/06/2018 02:20:00,
09/06/2018 02:25:00,0
09/06/2018 02:30:00,
09/06/2018 02:35:00,0
09/06/2018 02:40:00,
09/06/2018 02:45:00,0
09/06/2018 02:50:00,
09/06/2018 02:55:00,0
09/06/2018 03:00:00,
09/06/2018 03:05:00,0
09/06/2018 03:10:00,
09/06/2018 03:15:00,0
09/06/2018 03:20:00,0
09/06/2018 03:25:00,0
09/06/2018 03:30:00,
09/06/2018 03:35:00,0
09/06/2018 03:40:00,
09/06/2018 03:45:00,0
09/06/2018 03:50:00,
09/06/2018 03:55:00,
09/06/2018 04:00:00,
09/06/2018 04:05:00,0
09/06/2018 04:10:00,
09/06/2018 04:15:00,0
09/06/2018 04:20:00,
09/06/2018 04:25:00,
09/06/2018 04:30:00,
09/06/2018 04:35:00,0
09/06/2018 04:40:00,
09/06/2018 04:45:00,
09/06/2018 04:50:00,
09/06/2018 04:55:00,0
09/06/2018 05:00:00,
09/06/2018 05:05:00,0
09/06/2018 05:10:00,
09/06/2018 05:15:00,0
09/06/2018 05:20:00,
09/06/2018 05:25:00,0
09/06/2018 05:30:00,
09/06/2018 05:35:00,
09/06/2018 05:40:00,
09/06/2018 05:45:00,
09/06/2018 05:50:00,
09/06/2018 05:55:00,0
09/06/2018 06:00:00,
09/06/2018 06:05:00,0
09/06/2018 06:10:00,
09/06/2018 06:15:00,0
09/06/2018 06:20:00,
09/06/2018 06:25:00,0
09/06/2018 06:30:00,
09/06/2018 06:35:00,
09/06/2018 06:40:00,
09/06/2018 06:45:00,
09/06/2018 06:50:00,
09/06/2018 06:55:00,0
09/06/2018 07:00:00,
09/06/2018 07:05:00,
09/06/2018 07:10:00,
09/06/2018 07:15:00,
09/06/2018 07:20:00,
09/06/2018 07:25:00,
09/06/2018 07:30:00,
09/06/2018 07:35:00,
09/06/2018 07:40:00,0
09/06/2018 07:45:00,
09/06/2018 07:50:00,0
09/06/2018 07:55:00,
09/06/2018 08:00:00,0
09/06/2018 08:05:00,
09/06/2018 08:10:00,0
09/06/2018 08:15:00,
09/06/2018 08:20:00,0
09/06/2018 08:25:00,
09/06/2018 08:30:00,48
09/06/2018 08:35:00,50.2146903
09/06/2018 08:40:00,50
09/06/2018 08:45:00,74.2850964
09/06/2018 08:50:00,84.86249926
09/06/2018 08:55:00,102.3102099
09/06/2018 09:00:00,98.85982791
09/06/2018 09:05:00,145.5140852
09/06/2018 09:10:00,178.5816366
09/06/2018 09:15:00,197.3975442
09/06/2018 09:20:00,213.8646129
09/06/2018 09:25:00,234.8435819
09/06/2018 09:30:00,265.1455155
09/06/2018 09:35:00,283.8238346
09/06/2018 09:40:00,250.0162028
09/06/2018 09:45:00,250
09/06/2018 09:50:00,268
09/06/2018 09:55:00,268
09/06/2018 10:00:00,324.0138492
09/06/2018 10:05:00,324
09/06/2018 10:10:00,771.5520599
09/06/2018 10:15:00,811
09/06/2018 10:20:00,467
09/06/2018 10:25:00,467
09/06/2018 10:30:00,570.0766076
09/06/2018 10:35:00,534.0979727
09/06/2018 10:40:00,471.1338816
09/06/2018 10:45:00,671.8068842
09/06/2018 10:50:00,997.7476393
09/06/2018 10:55:00,812.2030498
09/06/2018 11:00:00,916
09/06/2018 11:05:00,1265
09/06/2018 11:10:00,1367.705817
09/06/2018 11:15:00,1623.10937
09/06/2018 11:20:00,1243.528017
09/06/2018 11:25:00,905.066345
09/06/2018 11:30:00,1121.459381
09/06/2018 11:35:00,1993.890571
09/06/2018 11:40:00,1376
09/06/2018 11:45:00,1208
09/06/2018 11:50:00,1105.814215
09/06/2018 11:55:00,1112.108136
09/06/2018 12:00:00,947.1188392
09/06/2018 12:05:00,872.0961764
09/06/2018 12:10:00,1113.545982
09/06/2018 12:15:00,971.849741
09/06/2018 12:20:00,840.1900526
09/06/2018 12:25:00,797.2892158
09/06/2018 12:30:00,881.7526554
09/06/2018 12:35:00,1019.274812
09/06/2018 12:40:00,1538.604508
09/06/2018 12:45:00,1161.926973
09/06/2018 12:50:00,1121
09/06/2018 12:55:00,1201
09/06/2018 13:00:00,1032.430448
09/06/2018 13:05:00,1290.013241
09/06/2018 13:10:00,1386.937052
09/06/2018 13:15:00,1173.026797
09/06/2018 13:20:00,1181.261845
09/06/2018 13:25:00,1203.460748
09/06/2018 13:30:00,1200.564915
09/06/2018 13:35:00,1178
09/06/2018 13:40:00,1156
09/06/2018 13:45:00,1016.93804
09/06/2018 13:50:00,984
09/06/2018 13:55:00,984
09/06/2018 14:00:00,1077.753481
09/06/2018 14:05:00,1140.141635
09/06/2018 14:10:00,1209.593643
09/06/2018 14:15:00,1288.745432
09/06/2018 14:20:00,1306.21589
09/06/2018 14:25:00,1598.657517
09/06/2018 14:30:00,1931.056039
09/06/2018 14:35:00,1225.505961
09/06/2018 14:40:00,1203.458618
09/06/2018 14:45:00,1210.00806
09/06/2018 14:50:00,1123
09/06/2018 14:55:00,1007.263224
09/06/2018 15:00:00,965.2454418
09/06/2018 15:05:00,1035.145316
09/06/2018 15:10:00,1075.916914
09/06/2018 15:15:00,891.5805801
09/06/2018 15:20:00,685.3012404
09/06/2018 15:25:00,655
09/06/2018 15:30:00,520.1815429
09/06/2018 15:35:00,474.1758699
09/06/2018 15:40:00,403.1273773
09/06/2018 15:45:00,380.3266105
09/06/2018 15:50:00,382.5445458
09/06/2018 15:55:00,381.2794073
09/06/2018 16:00:00,361.8150086
09/06/2018 16:05:00,350.8371899
09/06/2018 16:10:00,353.9596933
09/06/2018 16:15:00,376.0998594
09/06/2018 16:20:00,404.4823278
09/06/2018 16:25:00,440.1811059
09/06/2018 16:30:00,488.3124549
09/06/2018 16:35:00,557.6268484
09/06/2018 16:40:00,741.0349967
09/06/2018 16:45:00,966.8111191
09/06/2018 16:50:00,961.7680978
09/06/2018 16:55:00,824.7800898
09/06/2018 17:00:00,646.5423312
09/06/2018 17:05:00,522.2680082
09/06/2018 17:10:00,482.6123356
09/06/2018 17:15:00,444.9036592
09/06/2018 17:20:00,428.759665
09/06/2018 17:25:00,447.4001217
09/06/2018 17:30:00,514.6843179
09/06/2018 17:35:00,586.1784985
09/06/2018 17:40:00,570.2942936
09/06/2018 17:45:00,521.7036352
09/06/2018 17:50:00,466.6502146
09/06/2018 17:55:00,362
09/06/2018 18:00:00,290.8758229
09/06/2018 18:05:00,230.6959178
09/06/2018 18:10:00,202
09/06/2018 18:15:00,156
09/06/2018 18:20:00,106.8039283
09/06/2018 18:25:00,100.4379824
09/06/2018 18:30:00,100.2980152
09/06/2018 18:35:00,101.9060118
09/06/2018 18:40:00,96.47805683
09/06/2018 18:45:00,88.43442045
09/06/2018 18:50:00,78.59025192
09/06/2018 18:55:00,61.17511407
09/06/2018 19:00:00,43.66380901
09/06/2018 19:05:00,50.23686065
09/06/2018 19:10:00,61.96227131
09/06/2018 19:15:00,65
09/06/2018 19:20:00,65
09/06/2018 19:25:00,46.655124
09/06/2018 19:30:00,39.89998667
09/06/2018 19:35:00,23.79282893
09/06/2018 19:40:00,15.07193189
09/06/2018 19:45:00,15
09/06/2018 19:50:00,
09/06/2018 19:55:00,
09/06/2018 20:00:00,
09/06/2018 20:05:00,
09/06/2018 20:10:00,
09/06/2018 20:15:00,
09/06/2018 20:20:00,
09/06/2018 20:25:00,
09/06/2018 20:30:00,
09/06/2018 20:35:00,
09/06/2018 20:40:00,
09/06/2018 20:45:00,
09/06/2018 20:50:00,
09/06/2018 20:55:00,
09/06/2018 21:00:00,
09/06/2018 21:05:00,
09/06/2018 21:10:00,
09/06/2018 21:15:00,
09/06/2018 21:20:00,
09/06/2018 21:25:00,
09/06/2018 21:30:00,
09/06/2018 21:35:00,
09/06/2018 21:40:00,
09/06/2018 21:45:00,
09/06/2018 21:50:00,
09/06/2018 21:55:00,
09/06/2018 22:00:00,
09/06/2018 22:05:00,
09/06/2018 22:10:00,
09/06/2018 22:15:00,
09/06/2018 22:20:00,
09/06/2018 22:25:00,
09/06/2018 22:30:00,
09/06/2018 22:35:00,
09/06/2018 22:40:00,
09/06/2018 22:45:00,
09/06/2018 22:50:00,
09/06/2018 22:55:00,
09/06/2018 23:00:00,
09/06/2018 23:05:00,
09/06/2018 23:10:00,
09/06/2018 23:15:00,
09/06/2018 23:20:00,
09/06/2018 23:25:00,
09/06/2018 23:30:00,
09/06/2018 23:35:00,
09/06/2018 23:40:00,
09/06/2018 23:45:00,
09/06/2018 23:50:00,
09/06/2018 23:55:00,
